dataset,function,run,value,time,process_time,mem_usage
3-spiral,KMeans,6,[0 0 2 2 1 2 0 1 0 1 1 2 0 0 1 0 2 0 2 0 0 1 2 0 0 1 2 1 1 1 1 2 2 1 2 2 2 0 0 2 2 0 2 2 0 2 2 0 0 1 0 2 2 1 0 2 0 0 0 2 0 0 1 1 1 1 2 2 0 0 0 1 2 2 0 2 0 1 0 0 0 0 0 2 2 2 2 2 2 2 1 0 0 2 0 0 1 1 0 1 2 1 0 2 0 2 1 0 1 1 0 1 2 0 0 0 1 2 2 1 2 0 0 1 2 1 1 0 1 1 1 0 2 0 0 2 0 2 0 0 1 2 1 2 0 2 2 1 0 0 0 2 0 0 0 2 0 1 2 2 0 1 2 1 1 2 0 1 0 2 1 1 1 0 1 1 2 1 2 0 1 0 1 0 2 1 1 0 0 0 0 1 0 0 0 2 2 1 2 2 2 2 2 2 2 2 0 0 0 2 1 1 2 1 1 0 1 0 1 0 0 2 2 0 1 2 0 0 2 0 2 0 2 2 2 2 1 2 1 1 2 1 0 1 2 0 2 1 0 0 1 2 2 1 0 0 0 1 1 2 1 0 0 1 1 2 1 1 1 2 2 2 2 0 1 1 2 2 1 1 2 1 1 1 2 1 0 1 1 1 0 1 2 1 1 1 0 1 0 2 1 1 1 2 0 1 2 2 0 0 2 0],0.026304006576538086,0.3903364920000012,184320
