dataset,function,run,value,time,process_time,mem_usage
3-spiral,KMeans,5,[2 0 1 1 0 2 1 0 2 1 2 1 1 0 0 0 1 0 1 0 0 2 2 0 0 0 2 0 2 2 0 2 1 1 0 2 1 0 1 2 0 0 2 1 1 2 0 2 0 0 1 2 0 1 2 0 2 2 1 2 1 0 2 2 0 0 2 1 1 2 0 0 2 1 0 2 2 1 0 2 2 2 2 0 0 1 0 1 2 0 2 2 1 0 1 2 0 1 0 2 1 0 1 1 1 1 2 1 0 0 2 0 1 2 0 2 2 2 2 0 1 0 0 2 0 1 2 1 0 0 0 1 1 1 2 2 0 0 1 1 2 1 0 2 2 0 1 2 0 1 0 1 0 0 2 0 1 1 1 0 0 1 1 2 0 0 1 0 0 2 1 1 2 0 1 0 0 2 1 2 1 1 0 2 0 2 1 0 0 1 1 2 0 2 0 2 0 2 0 2 2 0 1 2 0 0 0 2 0 0 2 1 1 1 2 2 2 1 0 2 0 2 1 0 1 2 2 0 1 0 1 1 1 0 2 0 1 2 1 0 2 0 1 0 0 1 1 0 0 1 1 2 2 0 1 0 0 1 2 2 2 2 1 0 2 1 2 0 1 1 1 0 2 1 2 1 1 2 0 2 0 1 0 2 0 1 1 1 2 2 2 2 0 2 1 1 1 0 2 0 2 0 0 1 0 0 1 2 0 2 2 2],0.0472567081451416,0.47418034400000053,-118784
