dataset,function,run,value,time,process_time,mem_usage
3-spiral,KMeans,7,[1 2 0 1 1 1 0 0 2 0 2 2 1 0 0 1 1 2 0 1 1 0 1 0 1 1 1 2 0 0 1 2 1 0 2 0 2 2 2 2 0 1 1 2 2 0 1 0 0 1 0 1 2 1 1 2 2 0 2 2 2 0 2 1 2 1 2 2 2 0 2 1 1 1 1 2 1 0 1 0 1 1 0 2 2 0 2 1 0 1 1 1 1 2 0 1 1 1 2 2 0 0 2 1 0 1 1 1 2 0 2 0 2 1 2 1 2 0 2 2 1 0 0 0 0 2 1 2 0 2 1 2 2 1 1 0 0 1 0 2 2 2 0 0 1 1 2 0 0 0 1 1 2 2 1 2 0 0 1 1 1 0 0 2 2 2 0 1 2 0 1 2 1 0 1 2 2 2 0 1 2 1 1 2 0 2 1 1 1 0 0 1 1 2 2 2 0 0 0 0 1 2 1 2 2 0 0 0 2 1 2 0 0 2 2 1 2 0 2 2 2 1 0 0 0 1 0 0 2 1 0 0 0 0 2 1 2 2 0 1 2 0 2 2 2 0 0 1 2 1 0 2 2 0 2 1 0 2 2 1 0 1 2 0 0 2 0 0 1 2 1 1 1 0 0 1 1 0 2 0 2 2 2 0 2 1 2 0 2 1 1 1 1 0 2 0 0 0 0 0 0 0 1 2 1 2 0 2 2 2 2 1],0.25852441787719727,0.7773990640000008,-114688
