dataset,function,run,value,time,process_time,mem_usage
3-spiral,KMeans,4,[2 1 2 1 2 1 1 0 2 0 2 2 1 1 0 1 2 0 1 0 2 2 1 1 1 1 2 0 0 2 0 1 2 1 0 0 0 1 1 1 1 0 0 1 0 2 0 2 1 1 1 0 1 1 2 1 1 2 0 2 1 1 0 1 0 2 0 0 0 2 2 2 0 0 1 2 1 0 0 0 1 2 1 0 0 1 1 1 0 0 1 0 1 2 0 1 0 2 1 0 1 2 2 2 0 0 1 2 2 1 1 1 1 1 2 1 0 1 0 0 1 2 0 2 2 0 0 2 0 0 1 1 2 2 1 2 1 2 2 0 1 1 0 0 0 2 2 2 0 1 2 1 2 2 0 2 1 0 2 2 1 1 2 0 1 0 1 1 0 1 0 1 0 0 1 2 0 1 1 0 1 0 1 0 0 1 1 1 2 2 2 1 1 0 2 1 1 1 1 0 2 0 2 2 1 2 1 2 1 0 1 1 2 2 2 1 0 1 0 1 1 2 0 2 1 0 0 2 0 2 2 1 2 2 1 2 1 1 2 1 0 1 1 1 1 0 0 2 0 0 1 2 0 2 0 1 0 2 0 1 2 0 2 1 0 1 0 1 1 2 0 2 2 1 0 2 0 1 2 2 0 2 0 2 1 2 2 0 2 1 0 0 2 1 0 0 0 2 1 0 1 2 1 2 0 1 2 2 2 1 1 2],0.05562734603881836,0.5682886549999999,155648
