,Data,Min_Points,Run,DBCV,DISCO,Silhouette,DCSI,CVDD,CDBW,S_dbw,Time_DBCV,Time_DISCO,Time_Silhouette,Time_DCSI,Time_CVDD,Time_CDBW,Time_SDBW
0,synthetic_2_2,2,0,-1,0.4271989333564237,0.4221919168330032,0.7279139028809983,0,1.912367526164501e-06,0.733740464488279,0.295846,0.803186,0.313188,1.6446560000000001,0.18793399999999982,0.08792299999999997,0.013951000000000047
1,synthetic_2_2,4,0,-1,0.3785725590403661,0.4221919168330032,0.6939549919701665,0,1.912367526164501e-06,0.733740464488279,0.302275,1.0294850000000002,0.9334780000000003,0.5851280000000001,0.18954400000000016,0.07349500000000031,0.013673000000000268
2,synthetic_2_2,5,0,-1,0.3570225596304159,0.4221919168330032,0.6904834360997617,0,1.912367526164501e-06,0.733740464488279,0.300392,1.0917109999999999,0.6884190000000001,0.6984780000000002,0.19268299999999972,0.07296300000000011,0.013759999999999994
3,synthetic_2_2,10,0,-1,0.29012780917867403,0.4221919168330032,0.6883285156903455,0,1.912367526164501e-06,0.733740464488279,0.294344,0.9713160000000001,0.795182,0.656425,0.18999999999999995,0.07513399999999981,0.013132000000000144
4,synthetic_2_2,50,0,-1,0.10642812812250294,0.4221919168330032,0.6548029108575398,0,1.912367526164501e-06,0.733740464488279,0.295162,0.971304,0.8425959999999999,1.230089,0.18834099999999987,0.06871099999999997,0.01307999999999998
