,Data,Min_Points,Run,DBCV,DISCO,Silhouette,DCSI
0,synthetic_2_2,2,0,-1,0.4271989333564237,0.4221919168330032,0.7279139028809983
1,synthetic_2_2,4,0,-1,0.3785725590403661,0.4221919168330032,0.6939549919701665
2,synthetic_2_2,5,0,-1,0.3570225596304159,0.4221919168330032,0.6904834360997617
3,synthetic_2_2,10,0,-1,0.29012780917867403,0.4221919168330032,0.6883285156903455
4,synthetic_2_2,50,0,-1,0.10642812812250294,0.4221919168330032,0.6548029108575398
