,Data,Min_Points,Run,DBCV,DISCO,Silhouette,DCSI,CVDD,CDBW,SDBW,Time_DBCV,Time_DISCO,Time_Silhouette,Time_DCSI,Time_CVDD,Time_CDBW,Time_SDBW
0,synthetic_2_2,2,0,0.6394856305065095,0.4271989333564237,0.4221919168330032,0.7279139028809983,0,1.912367526164501e-06,0.733740464488279,0.298914,0.8422029999999999,0.290675,0.7599050000000003,0.1906080000000001,0.08853199999999983,0.01432100000000025
1,synthetic_2_2,4,0,0.6394856305065095,0.3785725590403661,0.4221919168330032,0.6939549919701665,0,1.912367526164501e-06,0.733740464488279,0.290895,0.680358,0.351498,0.84419,0.19163400000000008,0.08556700000000017,0.01697800000000038
2,synthetic_2_2,5,0,0.6394856305065095,0.3570225596304159,0.4221919168330032,0.6904834360997617,0,1.912367526164501e-06,0.733740464488279,0.29388299999999995,1.0262310000000001,0.3491949999999999,1.5887069999999999,0.19430400000000025,0.08265499999999992,0.014017999999999642
3,synthetic_2_2,10,0,0.6394856305065095,0.29012780917867403,0.4221919168330032,0.6883285156903455,0,1.912367526164501e-06,0.733740464488279,0.31577,0.9579620000000001,0.32720499999999997,2.118766,0.189454,0.06762800000000002,0.013266999999999918
4,synthetic_2_2,50,0,0.6394856305065095,0.10642812812250294,0.4221919168330032,0.6548029108575398,0,1.912367526164501e-06,0.733740464488279,0.297274,0.7733209999999999,0.5133350000000001,1.0731760000000001,0.19592799999999988,0.0761940000000001,0.01399499999999998
