,Run,DBCV,DISCO,Silhouette,DCSI
0,0,-1,0.29012780917867403,0.4221919168330032,0.6883285156903455
