,Run,DBCV,DISCO,Silhouette,DCSI
0,0,-1,0.3785725590403661,0.4221919168330032,0.6939549919701665
