,Run,DBCV,DISCO,Silhouette,DCSI
0,0,-1,0.4271989333564237,0.4221919168330032,0.7279139028809983
