,Run,DBCV,DISCO,Silhouette,DCSI
0,0,-1,0.10642812812250294,0.4221919168330032,0.6548029108575398
