,Run,DBCV,DISCO,Silhouette,DCSI
0,0,-1,0.3570225596304159,0.4221919168330032,0.6904834360997617
